{
    "liri": {
        "LWIR1": [
            0.004576326858528825,
            0.9604223683582108,
            0.034998857388752524
        ],
        "LWIR2": [
            0.0010503356009648548,
            0.01021411970737185,
            0.9886978997797033
        ]
    },
    "viri": {
        "BLUE": [
            0.005621774971068171,
            0.9885060329079566
        ],
        "GREEN": [
            0.003691744357032719,
            0.993828163886989
        ],
        "RED": [
            0.00032308312020935923,
            1.0024420766236484
        ],
        "NIR2": [
            0.0021539287410791714,
            0.9846262980695591
        ]
    }
}